[
    {
        "pk":1,
        "model":"greenhub.sensor",
        "fields":{
            "user":2,
            "type":"lamp",
            "name":"lamp1",
            "description":"Lampe de l'entr\u00e9e"
        }
    },
    {
        "pk":2,
        "model":"greenhub.sensor",
        "fields":{
            "user":2,
            "type":"lux",
            "name":"lux1",
            "description":"Luminosit\u00e9 pr\u00e8s de la fen\u00eatre"
        }
    },
    {
        "pk":3,
        "model":"greenhub.sensor",
        "fields":{
            "user":2,
            "type":"heating",
            "name":"heat1",
            "description":"Chauffage central"
        }
    },
    {
        "pk":4,
        "model":"greenhub.sensor",
        "fields":{
            "user":2,
            "type":"temp",
            "name":"temp1",
            "description":"Temp\u00e9rature int\u00e9rieure (salon)"
        }
    },
    {
        "pk":2,
        "model":"greenhub.state",
        "fields":{
            "captured_at":"2012-01-18 10:06:28",
            "sensor":1,
            "value":1.0
        }
    },
    {
        "pk":3,
        "model":"greenhub.state",
        "fields":{
            "captured_at":"2012-01-18 10:06:37",
            "sensor":2,
            "value":130.0
        }
    },
    {
        "pk":4,
        "model":"greenhub.state",
        "fields":{
            "captured_at":"2012-01-18 10:06:42",
            "sensor":3,
            "value":1.0
        }
    },
    {
        "pk":5,
        "model":"greenhub.state",
        "fields":{
            "captured_at":"2012-01-18 10:06:49",
            "sensor":4,
            "value":36.0
        }
    },
    {
        "pk":6,
        "model":"greenhub.state",
        "fields":{
            "captured_at":"2012-01-18 11:24:47",
            "sensor":1,
            "value":0.96225929618131401
        }
    },
    {
        "pk":7,
        "model":"greenhub.state",
        "fields":{
            "captured_at":"2012-01-18 11:25:08",
            "sensor":1,
            "value":0.17689071276048296
        }
    },
    {
        "pk":8,
        "model":"greenhub.state",
        "fields":{
            "captured_at":"2012-01-18 11:25:08",
            "sensor":2,
            "value":132.04282004010571
        }
    },
    {
        "pk":9,
        "model":"greenhub.state",
        "fields":{
            "captured_at":"2012-01-18 11:25:08",
            "sensor":3,
            "value":0.17216714997103366
        }
    },
    {
        "pk":10,
        "model":"greenhub.state",
        "fields":{
            "captured_at":"2012-01-18 11:25:08",
            "sensor":4,
            "value":34.390514049695312
        }
    },
    {
        "pk":11,
        "model":"greenhub.state",
        "fields":{
            "captured_at":"2012-01-18 11:26:06",
            "sensor":1,
            "value":1.0
        }
    },
    {
        "pk":12,
        "model":"greenhub.state",
        "fields":{
            "captured_at":"2012-01-18 11:26:06",
            "sensor":2,
            "value":140.41
        }
    },
    {
        "pk":13,
        "model":"greenhub.state",
        "fields":{
            "captured_at":"2012-01-18 11:26:06",
            "sensor":3,
            "value":0.29999999999999999
        }
    },
    {
        "pk":14,
        "model":"greenhub.state",
        "fields":{
            "captured_at":"2012-01-18 11:26:06",
            "sensor":4,
            "value":37.329999999999998
        }
    },
    {
        "pk":15,
        "model":"greenhub.state",
        "fields":{
            "captured_at":"2012-01-18 11:26:16",
            "sensor":1,
            "value":0.59999999999999998
        }
    },
    {
        "pk":16,
        "model":"greenhub.state",
        "fields":{
            "captured_at":"2012-01-18 11:26:16",
            "sensor":2,
            "value":130.44
        }
    },
    {
        "pk":17,
        "model":"greenhub.state",
        "fields":{
            "captured_at":"2012-01-18 11:26:16",
            "sensor":3,
            "value":0.90000000000000002
        }
    },
    {
        "pk":18,
        "model":"greenhub.state",
        "fields":{
            "captured_at":"2012-01-18 11:26:16",
            "sensor":4,
            "value":36.270000000000003
        }
    },
    {
        "pk":19,
        "model":"greenhub.state",
        "fields":{
            "captured_at":"2012-01-18 11:26:46",
            "sensor":1,
            "value":1.0
        }
    },
    {
        "pk":20,
        "model":"greenhub.state",
        "fields":{
            "captured_at":"2012-01-18 11:26:46",
            "sensor":2,
            "value":139.22999999999999
        }
    },
    {
        "pk":21,
        "model":"greenhub.state",
        "fields":{
            "captured_at":"2012-01-18 11:26:46",
            "sensor":3,
            "value":0.0
        }
    },
    {
        "pk":22,
        "model":"greenhub.state",
        "fields":{
            "captured_at":"2012-01-18 11:26:46",
            "sensor":4,
            "value":38.469999999999999
        }
    },
    {
        "pk":23,
        "model":"greenhub.state",
        "fields":{
            "captured_at":"2012-01-18 11:26:51",
            "sensor":1,
            "value":1.0
        }
    },
    {
        "pk":24,
        "model":"greenhub.state",
        "fields":{
            "captured_at":"2012-01-18 11:26:51",
            "sensor":2,
            "value":146.37
        }
    },
    {
        "pk":25,
        "model":"greenhub.state",
        "fields":{
            "captured_at":"2012-01-18 11:26:51",
            "sensor":3,
            "value":1.0
        }
    },
    {
        "pk":26,
        "model":"greenhub.state",
        "fields":{
            "captured_at":"2012-01-18 11:26:51",
            "sensor":4,
            "value":37.25
        }
    },
    {
        "pk":27,
        "model":"greenhub.state",
        "fields":{
            "captured_at":"2012-01-18 11:26:54",
            "sensor":1,
            "value":0.0
        }
    },
    {
        "pk":28,
        "model":"greenhub.state",
        "fields":{
            "captured_at":"2012-01-18 11:26:55",
            "sensor":2,
            "value":146.03999999999999
        }
    },
    {
        "pk":29,
        "model":"greenhub.state",
        "fields":{
            "captured_at":"2012-01-18 11:26:55",
            "sensor":3,
            "value":0.0
        }
    },
    {
        "pk":30,
        "model":"greenhub.state",
        "fields":{
            "captured_at":"2012-01-18 11:26:55",
            "sensor":4,
            "value":36.960000000000001
        }
    },
    {
        "pk":31,
        "model":"greenhub.state",
        "fields":{
            "captured_at":"2012-01-18 11:26:57",
            "sensor":1,
            "value":1.0
        }
    },
    {
        "pk":32,
        "model":"greenhub.state",
        "fields":{
            "captured_at":"2012-01-18 11:26:57",
            "sensor":2,
            "value":155.02000000000001
        }
    },
    {
        "pk":33,
        "model":"greenhub.state",
        "fields":{
            "captured_at":"2012-01-18 11:26:57",
            "sensor":3,
            "value":1.0
        }
    },
    {
        "pk":34,
        "model":"greenhub.state",
        "fields":{
            "captured_at":"2012-01-18 11:26:57",
            "sensor":4,
            "value":36.020000000000003
        }
    },
    {
        "pk":35,
        "model":"greenhub.state",
        "fields":{
            "captured_at":"2012-01-18 11:27:42",
            "sensor":1,
            "value":1.0
        }
    },
    {
        "pk":36,
        "model":"greenhub.state",
        "fields":{
            "captured_at":"2012-01-18 11:27:43",
            "sensor":2,
            "value":149.86000000000001
        }
    },
    {
        "pk":37,
        "model":"greenhub.state",
        "fields":{
            "captured_at":"2012-01-18 11:27:43",
            "sensor":3,
            "value":0.0
        }
    },
    {
        "pk":38,
        "model":"greenhub.state",
        "fields":{
            "captured_at":"2012-01-18 11:27:43",
            "sensor":4,
            "value":37.32
        }
    },
    {
        "pk":39,
        "model":"greenhub.state",
        "fields":{
            "captured_at":"2012-01-18 11:27:57",
            "sensor":1,
            "value":0.0
        }
    },
    {
        "pk":40,
        "model":"greenhub.state",
        "fields":{
            "captured_at":"2012-01-18 11:27:57",
            "sensor":2,
            "value":159.13999999999999
        }
    },
    {
        "pk":41,
        "model":"greenhub.state",
        "fields":{
            "captured_at":"2012-01-18 11:27:58",
            "sensor":3,
            "value":0.0
        }
    },
    {
        "pk":42,
        "model":"greenhub.state",
        "fields":{
            "captured_at":"2012-01-18 11:27:58",
            "sensor":4,
            "value":36.93
        }
    },
    {
        "pk":43,
        "model":"greenhub.state",
        "fields":{
            "captured_at":"2012-01-18 11:28:40",
            "sensor":1,
            "value":0.0
        }
    },
    {
        "pk":44,
        "model":"greenhub.state",
        "fields":{
            "captured_at":"2012-01-18 11:28:41",
            "sensor":2,
            "value":151.69
        }
    },
    {
        "pk":45,
        "model":"greenhub.state",
        "fields":{
            "captured_at":"2012-01-18 11:28:41",
            "sensor":3,
            "value":1.0
        }
    },
    {
        "pk":46,
        "model":"greenhub.state",
        "fields":{
            "captured_at":"2012-01-18 11:28:41",
            "sensor":4,
            "value":38.590000000000003
        }
    },
    {
        "pk":47,
        "model":"greenhub.state",
        "fields":{
            "captured_at":"2012-01-18 11:28:45",
            "sensor":1,
            "value":1.0
        }
    },
    {
        "pk":48,
        "model":"greenhub.state",
        "fields":{
            "captured_at":"2012-01-18 11:28:45",
            "sensor":2,
            "value":147.71000000000001
        }
    },
    {
        "pk":49,
        "model":"greenhub.state",
        "fields":{
            "captured_at":"2012-01-18 11:28:45",
            "sensor":3,
            "value":0.0
        }
    },
    {
        "pk":50,
        "model":"greenhub.state",
        "fields":{
            "captured_at":"2012-01-18 11:28:45",
            "sensor":4,
            "value":41.020000000000003
        }
    },
    {
        "pk":51,
        "model":"greenhub.state",
        "fields":{
            "captured_at":"2012-01-18 11:47:50",
            "sensor":1,
            "value":1.0
        }
    },
    {
        "pk":52,
        "model":"greenhub.state",
        "fields":{
            "captured_at":"2012-01-18 11:47:50",
            "sensor":2,
            "value":151.34999999999999
        }
    },
    {
        "pk":53,
        "model":"greenhub.state",
        "fields":{
            "captured_at":"2012-01-18 11:47:50",
            "sensor":3,
            "value":1.0
        }
    },
    {
        "pk":54,
        "model":"greenhub.state",
        "fields":{
            "captured_at":"2012-01-18 11:47:50",
            "sensor":4,
            "value":42.899999999999999
        }
    },
    {
        "pk":55,
        "model":"greenhub.state",
        "fields":{
            "captured_at":"2012-01-18 11:48:11",
            "sensor":1,
            "value":1.0
        }
    },
    {
        "pk":56,
        "model":"greenhub.state",
        "fields":{
            "captured_at":"2012-01-18 11:48:11",
            "sensor":2,
            "value":148.58000000000001
        }
    },
    {
        "pk":57,
        "model":"greenhub.state",
        "fields":{
            "captured_at":"2012-01-18 11:48:11",
            "sensor":3,
            "value":1.0
        }
    },
    {
        "pk":58,
        "model":"greenhub.state",
        "fields":{
            "captured_at":"2012-01-18 11:48:11",
            "sensor":4,
            "value":43.420000000000002
        }
    },
    {
        "pk":59,
        "model":"greenhub.state",
        "fields":{
            "captured_at":"2012-01-18 11:48:18",
            "sensor":1,
            "value":1.0
        }
    },
    {
        "pk":60,
        "model":"greenhub.state",
        "fields":{
            "captured_at":"2012-01-18 11:48:18",
            "sensor":2,
            "value":151.06
        }
    },
    {
        "pk":61,
        "model":"greenhub.state",
        "fields":{
            "captured_at":"2012-01-18 11:48:19",
            "sensor":3,
            "value":1.0
        }
    },
    {
        "pk":62,
        "model":"greenhub.state",
        "fields":{
            "captured_at":"2012-01-18 11:48:19",
            "sensor":4,
            "value":46.420000000000002
        }
    },
    {
        "pk":63,
        "model":"greenhub.state",
        "fields":{
            "captured_at":"2012-01-18 11:48:46",
            "sensor":1,
            "value":0.0
        }
    },
    {
        "pk":64,
        "model":"greenhub.state",
        "fields":{
            "captured_at":"2012-01-18 11:48:46",
            "sensor":2,
            "value":141.28
        }
    },
    {
        "pk":65,
        "model":"greenhub.state",
        "fields":{
            "captured_at":"2012-01-18 11:48:46",
            "sensor":3,
            "value":0.0
        }
    },
    {
        "pk":66,
        "model":"greenhub.state",
        "fields":{
            "captured_at":"2012-01-18 11:48:46",
            "sensor":4,
            "value":49.07
        }
    },
    {
        "pk":1,
        "model":"greenhub.score",
        "fields":{
            "calculated_at":"2012-01-04 10:58:17",
            "user":2,
            "value":20.0
        }
    },
    {
        "pk":2,
        "model":"greenhub.score",
        "fields":{
            "calculated_at":"2012-01-16 17:52:36",
            "user":1,
            "value":0.0
        }
    },
    {
        "pk":3,
        "model":"greenhub.score",
        "fields":{
            "calculated_at":"2012-01-16 17:53:10",
            "user":1,
            "value":0.0
        }
    },
    {
        "pk":4,
        "model":"greenhub.score",
        "fields":{
            "calculated_at":"2012-01-16 17:53:34",
            "user":1,
            "value":0.0
        }
    },
    {
        "pk":5,
        "model":"greenhub.score",
        "fields":{
            "calculated_at":"2012-01-16 17:53:44",
            "user":1,
            "value":0.0
        }
    },
    {
        "pk":6,
        "model":"greenhub.score",
        "fields":{
            "calculated_at":"2012-01-16 17:55:22",
            "user":1,
            "value":0.0
        }
    },
    {
        "pk":7,
        "model":"greenhub.score",
        "fields":{
            "calculated_at":"2012-01-16 17:56:19",
            "user":1,
            "value":0.0
        }
    },
    {
        "pk":8,
        "model":"greenhub.score",
        "fields":{
            "calculated_at":"2012-01-16 17:57:00",
            "user":1,
            "value":0.0
        }
    },
    {
        "pk":9,
        "model":"greenhub.score",
        "fields":{
            "calculated_at":"2012-01-16 17:57:43",
            "user":1,
            "value":0.0
        }
    },
    {
        "pk":10,
        "model":"greenhub.score",
        "fields":{
            "calculated_at":"2012-01-16 17:57:43",
            "user":2,
            "value":20.0
        }
    },
    {
        "pk":11,
        "model":"greenhub.score",
        "fields":{
            "calculated_at":"2012-01-16 18:00:22",
            "user":1,
            "value":0.0
        }
    },
    {
        "pk":12,
        "model":"greenhub.score",
        "fields":{
            "calculated_at":"2012-01-16 18:00:23",
            "user":2,
            "value":15.0
        }
    },
    {
        "pk":13,
        "model":"greenhub.score",
        "fields":{
            "calculated_at":"2012-01-18 10:07:34",
            "user":1,
            "value":0.0
        }
    },
    {
        "pk":14,
        "model":"greenhub.score",
        "fields":{
            "calculated_at":"2012-01-18 10:07:34",
            "user":2,
            "value":10.0
        }
    },
    {
        "pk":15,
        "model":"greenhub.score",
        "fields":{
            "calculated_at":"2012-01-18 10:08:15",
            "user":1,
            "value":0.0
        }
    },
    {
        "pk":16,
        "model":"greenhub.score",
        "fields":{
            "calculated_at":"2012-01-18 10:08:15",
            "user":2,
            "value":5.0
        }
    },
    {
        "pk":17,
        "model":"greenhub.score",
        "fields":{
            "calculated_at":"2012-01-18 10:11:35",
            "user":1,
            "value":0.0
        }
    },
    {
        "pk":18,
        "model":"greenhub.score",
        "fields":{
            "calculated_at":"2012-01-18 10:11:35",
            "user":2,
            "value":0.0
        }
    },
    {
        "pk":19,
        "model":"greenhub.score",
        "fields":{
            "calculated_at":"2012-01-18 10:12:05",
            "user":1,
            "value":0.0
        }
    },
    {
        "pk":20,
        "model":"greenhub.score",
        "fields":{
            "calculated_at":"2012-01-18 10:12:05",
            "user":2,
            "value":-5.0
        }
    },
    {
        "pk":21,
        "model":"greenhub.score",
        "fields":{
            "calculated_at":"2012-01-18 10:13:05",
            "user":1,
            "value":0.0
        }
    },
    {
        "pk":22,
        "model":"greenhub.score",
        "fields":{
            "calculated_at":"2012-01-18 10:13:05",
            "user":2,
            "value":-15.0
        }
    },
    {
        "pk":23,
        "model":"greenhub.score",
        "fields":{
            "calculated_at":"2012-01-18 10:29:19",
            "user":2,
            "value":200.0
        }
    },
    {
        "pk":24,
        "model":"greenhub.score",
        "fields":{
            "calculated_at":"2012-01-18 11:29:09",
            "user":1,
            "value":0.0
        }
    },
    {
        "pk":25,
        "model":"greenhub.score",
        "fields":{
            "calculated_at":"2012-01-18 11:29:09",
            "user":2,
            "value":195.0
        }
    },
    {
        "pk":26,
        "model":"greenhub.score",
        "fields":{
            "calculated_at":"2012-01-18 11:49:05",
            "user":1,
            "value":0.0
        }
    },
    {
        "pk":27,
        "model":"greenhub.score",
        "fields":{
            "calculated_at":"2012-01-18 11:49:05",
            "user":2,
            "value":190.0
        }
    }
]